<Result xmlns:xsi="http://www.w3.org/2001/XMLSchema-instance" FormatVersion="5" UNICORNVersion="7.2.0.1200"><ResultState>Normal</ResultState><SystemName>HunterFPLC</SystemName><SystemTypeName>NEXTAKTAchromatography</SystemTypeName><Name>SizeEclusionSepharose4B shortEquil NoFrac 001 243 001</Name><BatchId>ab132b12-b3ee-40a9-9bc7-17b4f731ab3e</BatchId><IsArchived>false</IsArchived><RunIndex>0</RunIndex><IsReadOnly>false</IsReadOnly><RunType>Method</RunType><ResultPurpose>0</ResultPurpose><FolderPath>/DefaultHome/Sarah/9-6-2019 Supernatants</FolderPath><ResultFormatVersion>3</ResultFormatVersion><ResultDocumentation><RunNote></RunNote><EvaluationNote></EvaluationNote></ResultDocumentation><ResultRunInformation RunInformationType="ColumnInformation"><RunInformation>PD94bWwgdmVyc2lvbj0iMS4wIiBlbmNvZGluZz0idXRmLTE2Ij8+PHVzZWRDb2x1bW5zIEZvcm1h
dFZlcnNpb249IjAuMSI+PGNvbHVtbj48bmFtZT5Bbnk8L25hbWU+PHZvbHVtZT4xNTwvdm9sdW1l
Pjx2b2x1bWVVbml0Pm1sPC92b2x1bWVVbml0PjwvY29sdW1uPjwvdXNlZENvbHVtbnM+</RunInformation></ResultRunInformation><ResultRunInformation RunInformationType="InstrumentServerUNICORNVersion"><RunInformation>Ny4yLjAuMTIwMA==</RunInformation></ResultRunInformation><ResultRunInformation RunInformationType="RunStartDate"><RunInformation>MDkvMTAvMjAxOSAxMzoxOToyNyAtMDU6MDA=</RunInformation></ResultRunInformation><ResultSearchCriterias><ResultSearchCriteria><Name>VariableValue</Name><Keyword1>Column type</Keyword1><Keyword2>Any</Keyword2></ResultSearchCriteria><ResultSearchCriteria><Name>VariableValue</Name><Keyword1>Empty loop with</Keyword1><Keyword2>1.00</Keyword2><ExtraDisplayInformation>{base}</ExtraDisplayInformation></ResultSearchCriteria><ResultSearchCriteria><Name>VariableValue</Name><Keyword1>Equilibration volume</Keyword1><Keyword2>0.20</Keyword2><ExtraDisplayInformation>{base}</ExtraDisplayInformation></ResultSearchCriteria><ResultSearchCriteria><Name>VariableValue</Name><Keyword1>Fill system (Equilibration)</Keyword1><Keyword2>15</Keyword2><ExtraDisplayInformation>ml</ExtraDisplayInformation></ResultSearchCriteria><ResultSearchCriteria><Name>VariableValue</Name><Keyword1>Flow rate</Keyword1><Keyword2>0.400</Keyword2><ExtraDisplayInformation>ml/min</ExtraDisplayInformation></ResultSearchCriteria><ResultSearchCriteria><Name>VariableValue</Name><Keyword1>Isocratic elution length</Keyword1><Keyword2>1.50</Keyword2><ExtraDisplayInformation>{base}</ExtraDisplayInformation></ResultSearchCriteria><ResultSearchCriteria><Name>VariableValue</Name><Keyword1>Percent B (Elution)</Keyword1><Keyword2>0.0</Keyword2><ExtraDisplayInformation>%B</ExtraDisplayInformation></ResultSearchCriteria><ResultSearchCriteria><Name>VariableValue</Name><Keyword1>Percent B (Equilibration)</Keyword1><Keyword2>0.0</Keyword2><ExtraDisplayInformation>%B</ExtraDisplayInformation></ResultSearchCriteria><ResultSearchCriteria><Name>VariableValue</Name><Keyword1>Percent B (Sample Appl)</Keyword1><Keyword2>0.0</Keyword2><ExtraDisplayInformation>%B</ExtraDisplayInformation></ResultSearchCriteria><ResultSearchCriteria><Name>VariableValue</Name><Keyword1>Pre column pressure limit</Keyword1><Keyword2>2.00</Keyword2><ExtraDisplayInformation>MPa</ExtraDisplayInformation></ResultSearchCriteria><ResultSearchCriteria><Name>VariableValue</Name><Keyword1>Pressure control</Keyword1><Keyword2>Pre column pressure</Keyword2><ExtraDisplayInformation></ExtraDisplayInformation></ResultSearchCriteria><ResultSearchCriteria><Name>VariableValue</Name><Keyword1>Sample_ID</Keyword1><Keyword2></Keyword2></ResultSearchCriteria><ResultSearchCriteria><Name>VariableValue</Name><Keyword1>UV averaging time</Keyword1><Keyword2>2.5</Keyword2><ExtraDisplayInformation>sec</ExtraDisplayInformation></ResultSearchCriteria></ResultSearchCriterias><Chromatograms><Chromatogram><ChromatogramFileName>Chrom.1</ChromatogramFileName><ChromatogramName>Chrom.1</ChromatogramName></Chromatogram></Chromatograms><IsArchivingAllowed>true</IsArchivingAllowed><IsLegacy>false</IsLegacy><CreatedBy>Default</CreatedBy><Created>2019-09-10T13:19:27.546</Created><CreatedUtcOffsetMinutes>-300</CreatedUtcOffsetMinutes><LastModifiedBy>System</LastModifiedBy><LastModified>2019-09-10T14:26:44.814</LastModified><LastModifiedUtcOffsetMinutes>-300</LastModifiedUtcOffsetMinutes><ResultAuxiliary /></Result>