<AuditTrails xmlns:xsi="http://www.w3.org/2001/XMLSchema-instance" FormatVersion="2" UNICORNVersion="7.2.0.1200"><AuditTrail><AuditTrailType>Evaluation</AuditTrailType><Created>2019-09-10T15:02:43.969</Created><CreatedBy>System</CreatedBy><CreatedUtcOffsetMinutes>-300</CreatedUtcOffsetMinutes><AuditTrailEntries><AuditTrailEntry><LogTime>2019-09-10T15:02:43.97</LogTime><LogTimeUtcOffsetMinutes>-300</LogTimeUtcOffsetMinutes><AuditTrailEntryType>Evaluation</AuditTrailEntryType><GroupName>EvaluationLoggingStarted</GroupName><Operator>System</Operator><LogEntry>Logging started. User: System. UNICORN 7.2.0.1200.</LogEntry><HasDetails>false</HasDetails></AuditTrailEntry></AuditTrailEntries></AuditTrail></AuditTrails>